paper,author,affiliation,affiliation_type
Method Cards for Prescriptive Machine-Learning Transparency,David Adkins,Meta,Industry
Method Cards for Prescriptive Machine-Learning Transparency,Bilal Alsallakh,Meta,Industry
Method Cards for Prescriptive Machine-Learning Transparency,Adeel Cheema,Meta,Industry
Method Cards for Prescriptive Machine-Learning Transparency,Narine Kokhlikyan,Meta,Industry
Method Cards for Prescriptive Machine-Learning Transparency,Emily McReynolds,Meta,Industry
Method Cards for Prescriptive Machine-Learning Transparency,Pushkar Mishra,Meta,Industry
Method Cards for Prescriptive Machine-Learning Transparency,Chavez Procope,Meta,Industry
Method Cards for Prescriptive Machine-Learning Transparency,Jeremy Sawruk,Meta,Industry
Method Cards for Prescriptive Machine-Learning Transparency,Erin Wang,Meta,Industry
Method Cards for Prescriptive Machine-Learning Transparency,Polina Zvyagina,Meta,Industry
Data Readiness Report,Shazia Afzal,IBM,Industry
Data Readiness Report,Rajmohan C,IBM,Industry
Data Readiness Report,Manish Kesarwani,IBM,Industry
Data Readiness Report,Sameep Mehta,IBM,Industry
Data Readiness Report,Hima Patel,IBM,Industry
Toward FAIR Semantic Publishing of Research Dataset Metadata in the Open Research Knowledge Graph,Raia ABU AHMAD,DFKI GmbH,Non-for-profit
Toward FAIR Semantic Publishing of Research Dataset Metadata in the Open Research Knowledge Graph,Jennifer D’SOUZA,Leibniz Information Centre for Science and Technology,Academia
Toward FAIR Semantic Publishing of Research Dataset Metadata in the Open Research Knowledge Graph,Matthäus ZLOCH,Leibniz Institute for the Social Sciences,Academia
Toward FAIR Semantic Publishing of Research Dataset Metadata in the Open Research Knowledge Graph,Wolfgang OTTO,Leibniz Institute for the Social Sciences,Academia
Toward FAIR Semantic Publishing of Research Dataset Metadata in the Open Research Knowledge Graph,Georg REHM,DFKI GmbH,Non-for-profit
Toward FAIR Semantic Publishing of Research Dataset Metadata in the Open Research Knowledge Graph,Allard OELEN,Leibniz Information Centre for Science and Technology,Academia
Toward FAIR Semantic Publishing of Research Dataset Metadata in the Open Research Knowledge Graph,Stefan DIETZE,Leibniz Institute for the Social Sciences,Academia
Toward FAIR Semantic Publishing of Research Dataset Metadata in the Open Research Knowledge Graph,Sören AUER,Leibniz Information Centre for Science and Technology,Academia
Croissant: A Metadata Format for ML-Ready Datasets,Mubashara Akhtar,King’s College London,Academia
Croissant: A Metadata Format for ML-Ready Datasets,Omar Benjelloun,Google,Industry
Croissant: A Metadata Format for ML-Ready Datasets,Costanza Conforti,Google,Industry
Croissant: A Metadata Format for ML-Ready Datasets,Pieter Gijsbers,TUE & OpenML,Academia
Croissant: A Metadata Format for ML-Ready Datasets,Joan Giner-Miguelez,Universitat Oberta de Catalunya,Academia
Croissant: A Metadata Format for ML-Ready Datasets,Nitisha Jain,King’s College London,Academia
Croissant: A Metadata Format for ML-Ready Datasets,Michael Kuchnik,Meta,Industry
Croissant: A Metadata Format for ML-Ready Datasets,Quentin Lhoest,Hugging Face,Industry
Croissant: A Metadata Format for ML-Ready Datasets,Pierre Marcenac,Google,Industry
Croissant: A Metadata Format for ML-Ready Datasets,Manil Maskey,NASA,Government
Croissant: A Metadata Format for ML-Ready Datasets,Peter Mattson,Google,Industry
Croissant: A Metadata Format for ML-Ready Datasets,Luis Oala,Dotphoton,Industry
Croissant: A Metadata Format for ML-Ready Datasets,Pierre Ruyssen,Google,Industry
Croissant: A Metadata Format for ML-Ready Datasets,Rajat Shinde,NASA IMPACT & UAH,Government
Croissant: A Metadata Format for ML-Ready Datasets,Elena Simperl,King’s College London,Academia
Croissant: A Metadata Format for ML-Ready Datasets,Goeffry Thomas,Google,Industry
Croissant: A Metadata Format for ML-Ready Datasets,Slava Tykhonov,DANS-KNAW,Government
Croissant: A Metadata Format for ML-Ready Datasets,Joaquin Vanschoren,TUE & OpenML,Academia
Croissant: A Metadata Format for ML-Ready Datasets,Jos van der Velde,TUE & OpenML,Academia
Croissant: A Metadata Format for ML-Ready Datasets,Steffen Vogler,Bayer,Industry
Croissant: A Metadata Format for ML-Ready Datasets,Carole-Jean Wu,Meta,Industry
Tackling algorithmic bias and promoting transparency in health datasets: the STANDING Together consensus recommendations,,University Hospitals Birmingham NHS Foundation Trust,Government
Tackling algorithmic bias and promoting transparency in health datasets: the STANDING Together consensus recommendations,Joseph E Alderman,"University Hospitals Birmingham NHS Foundation Trust, Birmingham, UK",Government
Tackling algorithmic bias and promoting transparency in health datasets: the STANDING Together consensus recommendations,Joanne Palmer,"University Hospitals Birmingham NHS Foundation Trust, Birmingham, UK",Academia
Tackling algorithmic bias and promoting transparency in health datasets: the STANDING Together consensus recommendations,Elinor Laws,"University Hospitals Birmingham NHS Foundation Trust, Birmingham, UK",Academia
Tackling algorithmic bias and promoting transparency in health datasets: the STANDING Together consensus recommendations,Melissa D McCradden,"Department of Bioethics, The Hospital for Sick Children, Toronto, ON, Canada",Academia
Tackling algorithmic bias and promoting transparency in health datasets: the STANDING Together consensus recommendations,Johan Ordish,"Birmingham Health Partners Centre for Regulatory Science and Innovation, University of Birmingham, Birmingham, UK",Academia
Tackling algorithmic bias and promoting transparency in health datasets: the STANDING Together consensus recommendations,Marzyeh Ghassemi,"Department of Electrical Engineering and Computer Science, Massachusetts Institute of Technology, Cambridge, MA, USA",Academia
Tackling algorithmic bias and promoting transparency in health datasets: the STANDING Together consensus recommendations,Stephen R Pfohl,"Google Research, Mountain View, CA, USA",Industry
Tackling algorithmic bias and promoting transparency in health datasets: the STANDING Together consensus recommendations,Negar Rostamzadeh,"Google Research, Montreal, Quebec, Canada",Industry
Tackling algorithmic bias and promoting transparency in health datasets: the STANDING Together consensus recommendations,Heather Cole-Lewis,"Google, Mountain View, CA, USA",Industry
Tackling algorithmic bias and promoting transparency in health datasets: the STANDING Together consensus recommendations,Ben Glocker,"Department of Computing, Imperial College London, London, UK",Academia
Tackling algorithmic bias and promoting transparency in health datasets: the STANDING Together consensus recommendations,Melanie Calvert,"University Hospitals Birmingham NHS Foundation Trust, Birmingham, UK",Government
Tackling algorithmic bias and promoting transparency in health datasets: the STANDING Together consensus recommendations,Tom J Pollard,"Institute for Medical Engineering and Science, Massachusetts Institute of Technology, Cambridge, MA, USA",Academia
Tackling algorithmic bias and promoting transparency in health datasets: the STANDING Together consensus recommendations,Jaspret Gill,"University Hospitals Birmingham NHS Foundation Trust, Birmingham, UK",Academia
Tackling algorithmic bias and promoting transparency in health datasets: the STANDING Together consensus recommendations,Jacqui Gath,"Independent Cancer Patients' Voice, London, UK",Non-for-profit
Tackling algorithmic bias and promoting transparency in health datasets: the STANDING Together consensus recommendations,Adewale Adebajo,"NIHR Sheffield Biomedical Research Centre, Sheffield, UK",Academia
Tackling algorithmic bias and promoting transparency in health datasets: the STANDING Together consensus recommendations,Jude Beng,"School of Medicine and Population Health, University of Sheffield, Sheffield, UK",Academia
Tackling algorithmic bias and promoting transparency in health datasets: the STANDING Together consensus recommendations,Cassandra H Leung,"Patient and public contributor, Munich, Germany",Other
Tackling algorithmic bias and promoting transparency in health datasets: the STANDING Together consensus recommendations,Stephanie Kuku,"Institute of Women's Health, University College London, London, UK",Academia
Tackling algorithmic bias and promoting transparency in health datasets: the STANDING Together consensus recommendations,Lesley-Anne Farmer,"Tethyan Consulting, Canberra, Australia",Industry
Tackling algorithmic bias and promoting transparency in health datasets: the STANDING Together consensus recommendations,Rubeta N Matin,"Oxford University Hospitals NHS Foundation Trust, Oxford, UK",Academia
Tackling algorithmic bias and promoting transparency in health datasets: the STANDING Together consensus recommendations,Bilal A Mateen,"Institute of Health Informatics, University College London, London, UK",Academia
Tackling algorithmic bias and promoting transparency in health datasets: the STANDING Together consensus recommendations,Francis McKay,"Population Health Sciences Institute, Newcastle University, Newcastle, UK",Academia
Tackling algorithmic bias and promoting transparency in health datasets: the STANDING Together consensus recommendations,Katherine Heller,"Google Research, Mountain View, CA, USA",Industry
Tackling algorithmic bias and promoting transparency in health datasets: the STANDING Together consensus recommendations,Alan Karthikesalingam,"Google, London, UK",Industry
Tackling algorithmic bias and promoting transparency in health datasets: the STANDING Together consensus recommendations,Darren Treanor,"Leeds Teaching Hospitals NHS Trust, Leeds, UK",Government
Tackling algorithmic bias and promoting transparency in health datasets: the STANDING Together consensus recommendations,Maxine Mackintosh,"Genomics England, London, UK",Non-for-profit
Tackling algorithmic bias and promoting transparency in health datasets: the STANDING Together consensus recommendations,Lauren Oakden-Rayner,"Australian Institute for Machine Learning, University of Adelaide, Adelaide, SA, Australia",Academia
Tackling algorithmic bias and promoting transparency in health datasets: the STANDING Together consensus recommendations,Russell Pearson,"Medicines and Healthcare products Regulatory Agency, London, UK",Government
Tackling algorithmic bias and promoting transparency in health datasets: the STANDING Together consensus recommendations,Arjun K Manrai,"Department of Biomedical Informatics, Harvard Medical School, Harvard University, Cambridge, MA, USA",Academia
Tackling algorithmic bias and promoting transparency in health datasets: the STANDING Together consensus recommendations,Puja Myles,"Medicines and Healthcare products Regulatory Agency, London, UK",Government
Tackling algorithmic bias and promoting transparency in health datasets: the STANDING Together consensus recommendations,Judit Kumuthini,"African Biobanks and Longitudinal Epidemiologic Ecosystem, Ibadan, Nigeria",Non-for-profit
Tackling algorithmic bias and promoting transparency in health datasets: the STANDING Together consensus recommendations,Zoher Kapacee,"Health Research Authority, London, UK",Government
Tackling algorithmic bias and promoting transparency in health datasets: the STANDING Together consensus recommendations,Neil J Sebire,"NIHR Great Ormond Street Hospital Biomedical Research Centre at UCL, University College London, London, UK",Non-for-profit
Tackling algorithmic bias and promoting transparency in health datasets: the STANDING Together consensus recommendations,Lama H Nazer,"King Hussein Cancer Centre, Amman, Jordan",Academia
Tackling algorithmic bias and promoting transparency in health datasets: the STANDING Together consensus recommendations,Jarrel Seah,"Harrison.ai, Sydney, NSW, Australia",Industry
Tackling algorithmic bias and promoting transparency in health datasets: the STANDING Together consensus recommendations,Ashley Akbari,"Population Data Science, Swansea University Medical School, Faculty of Medicine, Health and Life Science, Swansea University, Wales, UK",Academia
Tackling algorithmic bias and promoting transparency in health datasets: the STANDING Together consensus recommendations,Lew Berman,"All of Us Research Program, National Institutes of Health, Office of the Director, Bethesda, MD, USA",Government
Tackling algorithmic bias and promoting transparency in health datasets: the STANDING Together consensus recommendations,Judy W Gichoya,"Department of Radiology, Emory University School of Medicine, Atlanta, GA, USA",Academia
Tackling algorithmic bias and promoting transparency in health datasets: the STANDING Together consensus recommendations,Lorenzo Righetto,"Nature Research, London, UK",Non-for-profit
Tackling algorithmic bias and promoting transparency in health datasets: the STANDING Together consensus recommendations,Diana Samuel,"The Lancet Digital Health, The Lancet, London, UK",Non-for-profit
Tackling algorithmic bias and promoting transparency in health datasets: the STANDING Together consensus recommendations,William Wasswa,"Department of Biomedical Sciences and Engineering, Mbarara University of Science and Technology, Mbarara, Uganda",Academia
Tackling algorithmic bias and promoting transparency in health datasets: the STANDING Together consensus recommendations,Maria Charalambides,"Dermatopharmacology, Faculty of Medicine, University of Southampton, Southampton, UK",Academia
Tackling algorithmic bias and promoting transparency in health datasets: the STANDING Together consensus recommendations,Anmol Arora,"School of Clinical Medicine, University of Cambridge, Cambridge, UK",Academia
Tackling algorithmic bias and promoting transparency in health datasets: the STANDING Together consensus recommendations,Sameer Pujari,"WHO, Geneva, Switzerland",Non-for-profit
Tackling algorithmic bias and promoting transparency in health datasets: the STANDING Together consensus recommendations,Charlotte Summers,"Victor Phillip Dahdaleh Heart and Lung Research Institute, University of Cambridge, Cambridge, UK",Academia
Tackling algorithmic bias and promoting transparency in health datasets: the STANDING Together consensus recommendations,Elizabeth Sapey,"University Hospitals Birmingham NHS Foundation Trust, Birmingham, UK",Academia
Tackling algorithmic bias and promoting transparency in health datasets: the STANDING Together consensus recommendations,Sharon Wilkinson,"University of Southampton, Southampton, UK",Academia
Tackling algorithmic bias and promoting transparency in health datasets: the STANDING Together consensus recommendations,Vishal Thakker,"British Standards Institute, London, UK",Government
Tackling algorithmic bias and promoting transparency in health datasets: the STANDING Together consensus recommendations,Alastair Denniston,"University Hospitals Birmingham NHS Foundation Trust, Birmingham, UK",Academia
Tackling algorithmic bias and promoting transparency in health datasets: the STANDING Together consensus recommendations,Xiaoxuan Liu,"University Hospitals Birmingham NHS Foundation Trust, Birmingham, UKRetry",Academia
Prov-Dominoes: An approach for knowledge discovery from provenance data,Victor Alencar,"Brazilian Navy, CASNAV, Rio de Janeiro, RJ, Brazil",Government
Prov-Dominoes: An approach for knowledge discovery from provenance data,Troy Kohwalter,"UFF, Instituto de Computação, Niterói, RJ, Brazil",Academia
Prov-Dominoes: An approach for knowledge discovery from provenance data,Vanessa Braganholo,"UFF, Instituto de Computação, Niterói, RJ, Brazil",Academia
Prov-Dominoes: An approach for knowledge discovery from provenance data,José Ricardo da Silva Junior,"IFRJ, Departamento de Computação, RJ, Brazil",Academia
Prov-Dominoes: An approach for knowledge discovery from provenance data,Leonardo Murta,"UFF, Instituto de Computação, Niterói, RJ, Brazil",Academia
FactSheets: Increasing Trust in AI Services through Supplier’s Declarations of Conformity,M. Arnold,IBM,Industry
FactSheets: Increasing Trust in AI Services through Supplier’s Declarations of Conformity,R. K. E. Bellamy,IBM,Industry
FactSheets: Increasing Trust in AI Services through Supplier’s Declarations of Conformity,M. Hind,IBM,Industry
FactSheets: Increasing Trust in AI Services through Supplier’s Declarations of Conformity,S. Houde,IBM,Industry
FactSheets: Increasing Trust in AI Services through Supplier’s Declarations of Conformity,S. Mehta,IBM,Industry
FactSheets: Increasing Trust in AI Services through Supplier’s Declarations of Conformity,A. Mojsilovi´c,IBM,Industry
FactSheets: Increasing Trust in AI Services through Supplier’s Declarations of Conformity,R. Nair,IBM,Industry
FactSheets: Increasing Trust in AI Services through Supplier’s Declarations of Conformity,K. Natesan Ramamurthy,IBM,Industry
FactSheets: Increasing Trust in AI Services through Supplier’s Declarations of Conformity,D. Reimer,IBM,Industry
FactSheets: Increasing Trust in AI Services through Supplier’s Declarations of Conformity,A. Olteanu,IBM,Industry
FactSheets: Increasing Trust in AI Services through Supplier’s Declarations of Conformity,D. Piorkowski,IBM,Industry
FactSheets: Increasing Trust in AI Services through Supplier’s Declarations of Conformity,J. Tsay,IBM,Industry
FactSheets: Increasing Trust in AI Services through Supplier’s Declarations of Conformity,K. R. Varshney,IBM,Industry
How to Automatically Document Data With the codebook Package to Facilitate Data Reuse,Ruben C. Arslan,"Center for Adaptive Rationality, Max Planck Institute for Human Development",Non-for-profit
On the Effectiveness of Dataset Watermarking,Buse Gul Atli Tekgul,Aalto University,Academia
On the Effectiveness of Dataset Watermarking,N. Asokan,University of Waterloo & Aalto University,Academia
Datasheet for Subjective and Objective Quality Assessment Datasets,Nabajeet Barman,"Brightcove UK Ltd, London, United Kingdom; Kingston University, London, United Kingdom",Industry
Datasheet for Subjective and Objective Quality Assessment Datasets,Yuriy Reznik,"Brightcove Inc, Seattle, USA",Industry
Datasheet for Subjective and Objective Quality Assessment Datasets,Maria Martini,"Kingston University, London, United Kingdom",Academia
Data Statements for Natural Language Processing: Toward Mitigating System Bias and Enabling Better Science,Emily M. Bender,University of Washington,Academia
Data Statements for Natural Language Processing: Toward Mitigating System Bias and Enabling Better Science,Emily M. Bender,University of Washington,Academia
Machine Learning Data Practices through a Data Curation Lens: An Evaluation Framework,ESHTA BHARDWAJ,"University of Toronto, Canada",Academia
Machine Learning Data Practices through a Data Curation Lens: An Evaluation Framework,HARSHIT GUJRAL,"University of Toronto, Canada",Academia
Machine Learning Data Practices through a Data Curation Lens: An Evaluation Framework,SIYI WU,"University of Toronto, Canada",Academia
Machine Learning Data Practices through a Data Curation Lens: An Evaluation Framework,CIARA ZOGHEIB,"University of Toronto, Canada",Academia
Machine Learning Data Practices through a Data Curation Lens: An Evaluation Framework,TEGAN MAHARAJ,"University of Toronto, Canada",Academia
Machine Learning Data Practices through a Data Curation Lens: An Evaluation Framework,CHRISTOPH BECKER,"University of Toronto, Canada",Academia
The State of Data Curation at NeurIPS: An Assessment of Dataset Development Practices in the Datasets and Benchmarks Track,Eshta Bhardwaj,"Faculty of Information, University of Toronto; Digital Curation Institute, University of Toronto",Academia
The State of Data Curation at NeurIPS: An Assessment of Dataset Development Practices in the Datasets and Benchmarks Track,Harshit Gujral,"Department of Computer Science, University of Toronto",Academia
The State of Data Curation at NeurIPS: An Assessment of Dataset Development Practices in the Datasets and Benchmarks Track,Siyi Wu,"Department of Computer Science, University of Toronto",Academia
The State of Data Curation at NeurIPS: An Assessment of Dataset Development Practices in the Datasets and Benchmarks Track,Ciara Zogheib,"Faculty of Information, University of Toronto",Academia
The State of Data Curation at NeurIPS: An Assessment of Dataset Development Practices in the Datasets and Benchmarks Track,Tegan Maharaj,"Faculty of Information, University of Toronto",Academia
The State of Data Curation at NeurIPS: An Assessment of Dataset Development Practices in the Datasets and Benchmarks Track,Christoph Becker,"Faculty of Information, University of Toronto; Digital Curation Institute, University of Toronto",Academia
"Datasheets for Datasets Help ML Engineers Notice and
Understand Ethical Issues in Training Data",KAREN L. BOYD,University of Michigan,Academia
"The ABC of Data: A Classifying
Framework for Data Readiness",Laurens A. Castelijns,"Faculty of Mathematics and Computer Science, Eindhoven University of Technology; School of Law, Tilburg University; Jheronimus Academy of Data Science",Academia
"The ABC of Data: A Classifying
Framework for Data Readiness",Yuri Maas,"Faculty of Mathematics and Computer Science, Eindhoven University of Technology; School of Law, Tilburg University; Jheronimus Academy of Data Science",Academia
"The ABC of Data: A Classifying
Framework for Data Readiness",Joaquin Vanschoren,"Faculty of Mathematics and Computer Science, Eindhoven University of Technology",Academia
The Dataset Nutrition Label (2nd Gen): Leveraging Context to Mitigate Harms in Artificial Intelligence,Kasia S. Chmielinski,"Berkman Klein Center, Harvard University",Academia
The Dataset Nutrition Label (2nd Gen): Leveraging Context to Mitigate Harms in Artificial Intelligence,Sarah Newman,"metaLAB, Harvard University",Academia
The Dataset Nutrition Label (2nd Gen): Leveraging Context to Mitigate Harms in Artificial Intelligence,Matt Taylor,Data Nutrition Project,Academia
The Dataset Nutrition Label (2nd Gen): Leveraging Context to Mitigate Harms in Artificial Intelligence,Josh Joseph,"MIT Quest for Intelligence, MIT",Academia
The Dataset Nutrition Label (2nd Gen): Leveraging Context to Mitigate Harms in Artificial Intelligence,Kemi Thomas,Data Nutrition Project,Academia
The Dataset Nutrition Label (2nd Gen): Leveraging Context to Mitigate Harms in Artificial Intelligence,Jessica Yurkofsky,Massachusetts College of Liberal Arts,Academia
The Dataset Nutrition Label (2nd Gen): Leveraging Context to Mitigate Harms in Artificial Intelligence,Yue Chelsea Qiu,Data Nutrition Project,Academia
The CLeAR Documentation Framework for AI Transparency,Kasia Chmielinski,Data Nutrition Project & Harvard University,Academia
The CLeAR Documentation Framework for AI Transparency,Sarah Newman,Data Nutrition Project & Harvard University,Academia
The CLeAR Documentation Framework for AI Transparency,Chris N. Kranzinger,Data Nutrition Project,Academia
The CLeAR Documentation Framework for AI Transparency,Michael Hind,IBM Research,Industry
The CLeAR Documentation Framework for AI Transparency,Jennifer Wortman Vaughan,Microsoft Research,Industry
The CLeAR Documentation Framework for AI Transparency,Margaret Mitchell,Hugging Face,Industry
The CLeAR Documentation Framework for AI Transparency,Julia Stoyanovich,New York University,Academia
The CLeAR Documentation Framework for AI Transparency,Angelina McMillan-Major,independent researcher,Academia
The CLeAR Documentation Framework for AI Transparency,Emily McReynolds,independent researcher,Academia
The CLeAR Documentation Framework for AI Transparency,Kathleen Esfahany,Data Nutrition Project & Harvard University,Academia
The CLeAR Documentation Framework for AI Transparency,Mary L. Gray,"Microsoft Research, Indiana University & Harvard University",Academia
The CLeAR Documentation Framework for AI Transparency,Maui Hudson,"TKRI, University of Waikato",Academia
The CLeAR Documentation Framework for AI Transparency,Audrey Chang,Data Nutrition Project & Harvard University,Academia
Interactive Model Cards: A Human-Centered Approach to Model Documentation,ANAMARIA CRISAN,Tableau Research & User Research,Industry
Interactive Model Cards: A Human-Centered Approach to Model Documentation,MARGARET DROUHARD,Tableau Research & User Research,Industry
Interactive Model Cards: A Human-Centered Approach to Model Documentation,JESSE VIG,Salesforce Research,Industry
Interactive Model Cards: A Human-Centered Approach to Model Documentation,NAZNEEN RAJANI,Hugging Face,Industry
CrowdWorkSheets: Accounting for Individual and Collective Identities Underlying Crowdsourced Dataset Annotation,Mark Díaz,Google Research,Industry
CrowdWorkSheets: Accounting for Individual and Collective Identities Underlying Crowdsourced Dataset Annotation,Ian D. Kivlichan,"Jigsaw, Google",Industry
CrowdWorkSheets: Accounting for Individual and Collective Identities Underlying Crowdsourced Dataset Annotation,Rachel Rosen,"Jigsaw, Google",Industry
CrowdWorkSheets: Accounting for Individual and Collective Identities Underlying Crowdsourced Dataset Annotation,Dylan K. Baker,Distributed AI Research Institute,Non-for-profit
CrowdWorkSheets: Accounting for Individual and Collective Identities Underlying Crowdsourced Dataset Annotation,Razvan Amironesei,Google Research,Industry
CrowdWorkSheets: Accounting for Individual and Collective Identities Underlying Crowdsourced Dataset Annotation,Vinodkumar Prabhakaran,Google Research,Industry
CrowdWorkSheets: Accounting for Individual and Collective Identities Underlying Crowdsourced Dataset Annotation,Emily Denton,Google Research,Industry
Tackling Documentation Debt: A Survey on Algorithmic Fairness Datasets,Alessandro Fabris,University of Padua,Academia
Tackling Documentation Debt: A Survey on Algorithmic Fairness Datasets,Gianmaria Silvello,University of Padua,Academia
Tackling Documentation Debt: A Survey on Algorithmic Fairness Datasets,Stefano Messina,University of Padua,Academia
Tackling Documentation Debt: A Survey on Algorithmic Fairness Datasets,Gian Antonio Susto,University of Padua,Academia
A Generative Benchmark Creation Framework for Detecting Common Data Table Versions,Daniel C. Fox,Worcester Polytechnic Institute,Academia
A Generative Benchmark Creation Framework for Detecting Common Data Table Versions,Aamod Khatiwada,Northeastern University,Academia
A Generative Benchmark Creation Framework for Detecting Common Data Table Versions,Roee Shraga,Worcester Polytechnic Institute,Academia
Datasheets for Datasets,Timnit Gebru,DAIR Institute,Non-for-profit
Datasheets for Datasets,Jamie Morgenstern,University of Washington,Academia
Datasheets for Datasets,Briana Vecchione,Cornell University,Academia
Datasheets for Datasets,Jennifer Wortman Vaughan,Microsoft Research,Industry
Datasheets for Datasets,Hanna Wallach,Microsoft Research,Industry
Datasheets for Datasets,Hal Daumé III,University of Maryland,Academia
Datasheets for Datasets,Kate Crawford,USC Annenberg,Academia
DescribeML: A Tool for Describing Machine Learning Datasets,Joan Giner-Miguelez,"Internet Interdisciplinary Institute, IN3, Universitat Oberta de Catalunya, UOC",Academia
DescribeML: A Tool for Describing Machine Learning Datasets,Abel Gómez,"Internet Interdisciplinary Institute, IN3, Universitat Oberta de Catalunya, UOC",Academia
DescribeML: A Tool for Describing Machine Learning Datasets,Jordi Cabot,"ICREA & Internet Interdisciplinary Institute, IN3, Universitat Oberta de Catalunya, UOC",Academia
A domain-specific language for describing machine learning datasets,Joan Giner-Miguelez,"Internet Interdisciplinary Institute, IN3, Universitat Oberta de Catalunya, UOC",Academia
A domain-specific language for describing machine learning datasets,Abel Gómez,"Internet Interdisciplinary Institute, IN3, Universitat Oberta de Catalunya, UOC",Academia
A domain-specific language for describing machine learning datasets,Jordi Cabot,"ICREA & Internet Interdisciplinary Institute, IN3, Universitat Oberta de Catalunya, UOCRetry",Academia
DataDoc Analyzer: A Tool for Analyzing the Documentation of Scientific Datasets,Joan Giner-Miguelez,"Internet Interdisciplinary Institute, IN3, Universitat Oberta de Catalunya, UOC",Academia
DataDoc Analyzer: A Tool for Analyzing the Documentation of Scientific Datasets,Abel Gómez,"Internet Interdisciplinary Institute, IN3, Universitat Oberta de Catalunya, UOC",Academia
DataDoc Analyzer: A Tool for Analyzing the Documentation of Scientific Datasets,Jordi Cabot,"ICREA & Internet Interdisciplinary Institute, IN3, Universitat Oberta de Catalunya, UOCRetry",Academia
Using Large Language Models to Enrich the Documentation of Datasets for Machine Learning,Joan Giner-Miguelez,"Internet Interdisciplinary Institute (IN3), Universitat Oberta de Catalunya (UOC)",Academia
Using Large Language Models to Enrich the Documentation of Datasets for Machine Learning,Abel Gómez,"Internet Interdisciplinary Institute (IN3), Universitat Oberta de Catalunya (UOC)",Academia
Using Large Language Models to Enrich the Documentation of Datasets for Machine Learning,Jordi Cabot,Luxembourg Institute of Science and Technology & University of Luxembourg,Academia
Goods: Organizing Google’s Datasets,Alon Halevy,Recruit Institute of Technology,Academia
Goods: Organizing Google’s Datasets,Flip Korn,Google Research,Industry
Goods: Organizing Google’s Datasets,Natalya F. Noy,Google Research,Industry
Goods: Organizing Google’s Datasets,Christopher Olston,Google Research,Industry
Goods: Organizing Google’s Datasets,Neoklis Polyzotis,Google Research,Industry
Goods: Organizing Google’s Datasets,Sudip Roy,Google Research,Industry
Goods: Organizing Google’s Datasets,Steven Euijong Whang,Google Research,Industry
"UnderstandingMachine Learning Practitioners’ Data Documentation Perceptions, Needs,Challenges, and Desiderata",AMY K. HEGER,Microsoft,Industry
"UnderstandingMachine Learning Practitioners’ Data Documentation Perceptions, Needs,Challenges, and Desiderata",LIZ B. MARQUIS,"University of Michigan, School of Information",Academia
"UnderstandingMachine Learning Practitioners’ Data Documentation Perceptions, Needs,Challenges, and Desiderata",MIHAELA VORVOREANU,Microsoft,Industry
"UnderstandingMachine Learning Practitioners’ Data Documentation Perceptions, Needs,Challenges, and Desiderata",HANNA WALLACH,Microsoft,Industry
"UnderstandingMachine Learning Practitioners’ Data Documentation Perceptions, Needs,Challenges, and Desiderata",JENNIFER WORTMAN VAUGHAN,Microsoft,Industry
Datasheets for Energy Datasets: An Ethically-Minded Approach to Documentation,Ilana Heintz,Synoptic Engineering,Industry
The Dataset Nutrition Label: A Framework To Drive Higher Data Quality Standards,Sarah Holland,"Assembly, MIT Media Lab and Berkman Klein Center at Harvard University",Academia
The Dataset Nutrition Label: A Framework To Drive Higher Data Quality Standards,Ahmed Hosny,"Dana-Farber Cancer Institute, Harvard Medical School",Academia
The Dataset Nutrition Label: A Framework To Drive Higher Data Quality Standards,Sarah Newman,"metaLAB (at) Harvard, Berkman Klein Center for Internet & Society, Harvard University",Academia
The Dataset Nutrition Label: A Framework To Drive Higher Data Quality Standards,Joshua Joseph,33x.ai,Industry
The Dataset Nutrition Label: A Framework To Drive Higher Data Quality Standards,Kasia Chmielinski,"Assembly, MIT Media Lab and Berkman Klein Center at Harvard University",Academia
Dataset construction challenges for digital forensics,Graeme Horsman,Teesside University,Academia
Dataset construction challenges for digital forensics,James R. Lyle,National Institute of Standards and Technology,Government
Towards Accountability for Machine Learning Datasets: Practices from Software Engineering and Infrastructure,Ben Hutchinson,Google,Industry
Towards Accountability for Machine Learning Datasets: Practices from Software Engineering and Infrastructure,Andrew Smart,Google,Industry
Towards Accountability for Machine Learning Datasets: Practices from Software Engineering and Infrastructure,Alex Hanna,Google,Industry
Towards Accountability for Machine Learning Datasets: Practices from Software Engineering and Infrastructure,Emily Denton,Google,Industry
Towards Accountability for Machine Learning Datasets: Practices from Software Engineering and Infrastructure,Christina Greer,Google,Industry
Towards Accountability for Machine Learning Datasets: Practices from Software Engineering and Infrastructure,Oddur Kjartansson,Google,Industry
Towards Accountability for Machine Learning Datasets: Practices from Software Engineering and Infrastructure,Parker Barnes,Google,Industry
Towards Accountability for Machine Learning Datasets: Practices from Software Engineering and Infrastructure,Margaret Mitchell,Google,Industry
A Standardized Machine-readable Dataset Documentation Format for Responsible AI,Nitisha Jain,King's College London,Academia
A Standardized Machine-readable Dataset Documentation Format for Responsible AI,Mubashara Akhtar,King's College London,Academia
A Standardized Machine-readable Dataset Documentation Format for Responsible AI,Joan Giner-Miguelez,Universitat Oberta de Catalunya,Academia
A Standardized Machine-readable Dataset Documentation Format for Responsible AI,Rajat Shinde,NASA IMPACT & UAH,Government
A Standardized Machine-readable Dataset Documentation Format for Responsible AI,Joaquin Vanschoren,TUE & OpenML,Non-for-profit
A Standardized Machine-readable Dataset Documentation Format for Responsible AI,Steffen Vogler,Bayer,Industry
A Standardized Machine-readable Dataset Documentation Format for Responsible AI,Sujata Goswami,Oak Ridge National Laboratory,Government
A Standardized Machine-readable Dataset Documentation Format for Responsible AI,Yuhan Rao,North Carolina State University,Academia
A Standardized Machine-readable Dataset Documentation Format for Responsible AI,Tim Santos,Graphcore,Industry
A Standardized Machine-readable Dataset Documentation Format for Responsible AI,Luis Oala,Dotphoton,Industry
A Standardized Machine-readable Dataset Documentation Format for Responsible AI,Michalis Karamousadakis,Plaixus Ltd,Industry
A Standardized Machine-readable Dataset Documentation Format for Responsible AI,Manil Maskey,NASA,Government
A Standardized Machine-readable Dataset Documentation Format for Responsible AI,Pierre Marcenac,Google,Industry
A Standardized Machine-readable Dataset Documentation Format for Responsible AI,Costanza Conforti,Google,Industry
A Standardized Machine-readable Dataset Documentation Format for Responsible AI,Michael Kuchnik,Meta,Industry
A Standardized Machine-readable Dataset Documentation Format for Responsible AI,Lora Aroyo,Google,Industry
A Standardized Machine-readable Dataset Documentation Format for Responsible AI,Omar Benjelloun,Google,Industry
A Standardized Machine-readable Dataset Documentation Format for Responsible AI,Elena Simperl,King's College London & Open Data Institute,Academia
Data-Envelopes for Cultural Heritage: Going beyond Datasheets,Mrinalini Luthra,Huygens Insitute,Academia
Data-Envelopes for Cultural Heritage: Going beyond Datasheets,Maria Eskevich,Huygens Insitute,Academia
Datasheets for AI and medical datasets (DAIMS): a data validation and documentation framework before machine learning analysis in medical research,Ramtin Zargari Marandi,"Centre of Excellence for Health, Immunity and Infections (CHIP), Rigshospitalet, Copenhagen University Hospital",Academia
Datasheets for AI and medical datasets (DAIMS): a data validation and documentation framework before machine learning analysis in medical research,Anne Svane Frahm,"Centre of Excellence for Health, Immunity and Infections (CHIP), Rigshospitalet, Copenhagen University Hospital",Academia
Datasheets for AI and medical datasets (DAIMS): a data validation and documentation framework before machine learning analysis in medical research,Maja Milojevic,"Centre of Excellence for Health, Immunity and Infections (CHIP), Rigshospitalet, Copenhagen University Hospital",Academia
Language Dataset Documentation Design: Learning from Deaf and Indigenous Communities,Angelina McMillan-Major,University of Washington,Academia
A Guide for Creating and Documenting Language Datasets with Data Statements,Angelina McMillan-Major,University of Washington,Academia
A Guide for Creating and Documenting Language Datasets with Data Statements,Emily M. Bender,University of Washington,Academia
"Reusable Templates and Guides For Documenting Datasets and Models
for Natural Language Processing and Generation",Angelina McMillan-Major,University of Washington & Hugging Face,Academia
"Reusable Templates and Guides For Documenting Datasets and Models
for Natural Language Processing and Generation",Salomey Osei,KNUST & Masakhane,Academia
"Reusable Templates and Guides For Documenting Datasets and Models
for Natural Language Processing and Generation",Juan Diego Rodriguez,UT Austin,Academia
"Reusable Templates and Guides For Documenting Datasets and Models
for Natural Language Processing and Generation",Pawan Sasanka Ammanamanchi,IIIT Hyderabad,Academia
"Reusable Templates and Guides For Documenting Datasets and Models
for Natural Language Processing and Generation",Sebastian Gehrmann,Google Research,Industry
"Reusable Templates and Guides For Documenting Datasets and Models
for Natural Language Processing and Generation",Yacine Jernite,Hugging Face,Industry
Data Statements: From Technical Concept to Community Practice,ANGELINA MCMILLAN-MAJOR,University of Washington,Academia
Data Statements: From Technical Concept to Community Practice,BATYA FRIEDMAN,University of Washington,Academia
Data Statements: From Technical Concept to Community Practice,EMILY M. BENDER,University of Washington,Academia
"On Responsible Machine Learning Datasets with Fairness, Privacy, and Regulatory Norms",Surbhi Mittal,IIT Jodhpur,Academia
"On Responsible Machine Learning Datasets with Fairness, Privacy, and Regulatory Norms",Kartik Thakral,IIT Jodhpur,Academia
"On Responsible Machine Learning Datasets with Fairness, Privacy, and Regulatory Norms",Richa Singh,IIT Jodhpur,Academia
"On Responsible Machine Learning Datasets with Fairness, Privacy, and Regulatory Norms",Mayank Vatsa,IIT Jodhpur,Academia
"On Responsible Machine Learning Datasets with Fairness, Privacy, and Regulatory Norms",Tamar Glaser,Meta,Industry
"On Responsible Machine Learning Datasets with Fairness, Privacy, and Regulatory Norms",Cristian Canton Ferrer,Meta,Industry
"On Responsible Machine Learning Datasets with Fairness, Privacy, and Regulatory Norms",Tal Hassner,Meta,Industry
Ontology-supported AI Model and Dataset Management,Jan Novacek,FZI Research Center for Information Technology,Academia
Ontology-supported AI Model and Dataset Management,Ali Ahari,FZI Research Center for Information Technology & University of Tübingen,Academia
Ontology-supported AI Model and Dataset Management,Tobias Müller,FZI Research Center for Information Technology & University of Tübingen,Academia
Ontology-supported AI Model and Dataset Management,Sebastian Reiter,FZI Research Center for Information Technology,Academia
Ontology-supported AI Model and Dataset Management,Alexander Viehl,FZI Research Center for Information Technology,Academia
Ontology-supported AI Model and Dataset Management,Oliver Bringmann,FZI Research Center for Information Technology & University of Tübingen,Academia
Clear and Precise Specification of Ecological Data Management Processes and Dataset Provenance,Leon J. Osterweil,"Department of Computer Science, University of Massachusetts",Academia
Clear and Precise Specification of Ecological Data Management Processes and Dataset Provenance,Lori A. Clarke,"Department of Computer Science, University of Massachusetts",Academia
Clear and Precise Specification of Ecological Data Management Processes and Dataset Provenance,Aaron M. Ellison,"Harvard Forest, Harvard University",Academia
Clear and Precise Specification of Ecological Data Management Processes and Dataset Provenance,Emery Boose,"Harvard Forest, Harvard University",Academia
Clear and Precise Specification of Ecological Data Management Processes and Dataset Provenance,Rodion Podorozhny,Texas State University,Academia
Clear and Precise Specification of Ecological Data Management Processes and Dataset Provenance,Alexander Wise,"Department of Computer Science, University of Massachusetts",Academia
Augmented Datasheets for Speech Datasets and Ethical Decision-Making,Orestis Papakyriakopoulos,Sony AI,Industry
Augmented Datasheets for Speech Datasets and Ethical Decision-Making,Rebecca Bourke,Sony AI,Industry
Augmented Datasheets for Speech Datasets and Ethical Decision-Making,Anna Seo Gyeong Choi,Cornell University,Academia
Augmented Datasheets for Speech Datasets and Ethical Decision-Making,William Thong,Sony AI,Industry
Augmented Datasheets for Speech Datasets and Ethical Decision-Making,Alice Xiang,Sony AI,Industry
Augmented Datasheets for Speech Datasets and Ethical Decision-Making,Jerone Andrews,Sony AI,Industry
Augmented Datasheets for Speech Datasets and Ethical Decision-Making,Dora Zhao,Sony AI,Industry
Augmented Datasheets for Speech Datasets and Ethical Decision-Making,Allison Koenecke,Cornell University,Academia
dataMaid: Your Assistant for Documenting Supervised Data Quality Screening in R,Anne Helby Petersen,University of Copenhagen,Academia
dataMaid: Your Assistant for Documenting Supervised Data Quality Screening in R,Claus Thorn Ekstrøm,University of Copenhagen,Academia
Ensuring Dataset Quality for Machine Learning Certification,S. Picard,Safran and IRT Saint-Exupéry,Academia
Ensuring Dataset Quality for Machine Learning Certification,C. Chapdelaine,Safran and IRT Saint-Exupéry,Academia
Ensuring Dataset Quality for Machine Learning Certification,B. Lefevre,Thales,Industry
Ensuring Dataset Quality for Machine Learning Certification,C. Cappi,SNCF,Government
Ensuring Dataset Quality for Machine Learning Certification,L. Gardes,SNCF,Government
Ensuring Dataset Quality for Machine Learning Certification,E. Jenn,Thales AVS and IRT Saint-Exupéry,Academia
Ensuring Dataset Quality for Machine Learning Certification,T. Soumarmon,Continental and IRT Saint-Exupéry,Academia
A Field Study of a Human-Centered Process for Increasing AI Transparency,DAVID PIORKOWSKI,IBM Research AI,Industry
A Field Study of a Human-Centered Process for Increasing AI Transparency,JOHN RICHARDS,IBM Research AI,Industry
A Field Study of a Human-Centered Process for Increasing AI Transparency,MICHAEL HIND,IBM Research AI,Industry
Data Cards: Purposeful and Transparent Dataset Documentation for Responsible AI,Mahima Pushkarna,Google,Industry
Data Cards: Purposeful and Transparent Dataset Documentation for Responsible AI,Andrew Zaldivar,Google,Industry
Data Cards: Purposeful and Transparent Dataset Documentation for Responsible AI,Oddur Kjartansson,Google,Industry
"Right the docs: Characterising voice dataset documentation practices used
in machine learning",Kathy Reid,"Australian National University
Canberra",Academia
"Right the docs: Characterising voice dataset documentation practices used
in machine learning",Elizabeth T. Williams,"Australian National University
Canberra",Academia
A Methodology for Creating AI FactSheets,John Richards,IBM,Industry
A Methodology for Creating AI FactSheets,David Piorkowski,IBM,Industry
A Methodology for Creating AI FactSheets,Michael Hind,IBM,Industry
A Methodology for Creating AI FactSheets,Stephanie Houde,IBM,Industry
A Methodology for Creating AI FactSheets,Aleksandra Mojsilović,IBM,Industry
Open Datasheets: Machine-readable Documentation for Open Datasets and Responsible AI Assessments,Anthony Cintron Roman,"Microsoft, AI For Good Research Lab",Industry
Open Datasheets: Machine-readable Documentation for Open Datasets and Responsible AI Assessments,Jennifer Wortman Vaughan,"Microsoft, Research",Industry
Open Datasheets: Machine-readable Documentation for Open Datasets and Responsible AI Assessments,Valerie See,"Microsoft, Office of Responsible AI",Industry
Open Datasheets: Machine-readable Documentation for Open Datasets and Responsible AI Assessments,Steph Ballard,"Microsoft, Open Innovation",Industry
Open Datasheets: Machine-readable Documentation for Open Datasets and Responsible AI Assessments,Kevin Xu,GitHub,Industry
Open Datasheets: Machine-readable Documentation for Open Datasets and Responsible AI Assessments,Jehu Torres,"Microsoft, AI For Good Research Lab",Industry
Open Datasheets: Machine-readable Documentation for Open Datasets and Responsible AI Assessments,Caleb Robinson,"Microsoft, AI For Good Research Lab",Industry
Open Datasheets: Machine-readable Documentation for Open Datasets and Responsible AI Assessments,Juan M. Lavista Ferres,"Microsoft, AI For Good Research Lab",Industry
Completeness of Datasets Documentation on ML/AI Repositories: An Empirical Investigation,Marco Rondina,Politecnico di Torino,Academia
Completeness of Datasets Documentation on ML/AI Repositories: An Empirical Investigation,Antonio Vetrò,Politecnico di Torino,Academia
Completeness of Datasets Documentation on ML/AI Repositories: An Empirical Investigation,Juan Carlos De Martin,Politecnico di Torino,Academia
Healthsheet: Development of a Transparency Artifact for Health Datasets,NEGAR ROSTAMZADEH,Google Research,Industry
Healthsheet: Development of a Transparency Artifact for Health Datasets,DIANA MINCU,Google Research,Industry
Healthsheet: Development of a Transparency Artifact for Health Datasets,SUBHRAJIT ROY,Google Research,Industry
Healthsheet: Development of a Transparency Artifact for Health Datasets,ANDREW SMART,Google Research,Industry
Healthsheet: Development of a Transparency Artifact for Health Datasets,LAUREN WILCOX,Google Research,Industry
Healthsheet: Development of a Transparency Artifact for Health Datasets,MAHIMA PUSHKARNA,Google Research,Industry
Healthsheet: Development of a Transparency Artifact for Health Datasets,JESSICA SCHROUFF,Google Research,Industry
Healthsheet: Development of a Transparency Artifact for Health Datasets,RAZVAN AMIRONESEI,Google Research,Industry
Healthsheet: Development of a Transparency Artifact for Health Datasets,NYALLENG MOOROSI,Google Research,Industry
Healthsheet: Development of a Transparency Artifact for Health Datasets,KATHERINE HELLER,Google Research,Industry
"Can Machines Help Us Answering Question 16 in Datasheets, and In Turn Reflecting on Inappropriate Content?",PATRICK SCHRAMOWSKI,"Technical University Darmstadt, Hessian Center for AI",Academia
"Can Machines Help Us Answering Question 16 in Datasheets, and In Turn Reflecting on Inappropriate Content?",CHRISTOPHER TAUCHMANN,"Technical University Darmstadt, Hessian Center for AI",Academia
"Can Machines Help Us Answering Question 16 in Datasheets, and In Turn Reflecting on Inappropriate Content?",KRISTIAN KERSTING,"Technical University Darmstadt, Centre for Cognitive Science Darmstadt, Hessian Center for AI",Academia
Datasheets for Healthcare AI: A Framework for Transparency and Bias Mitigation,Marjia Siddik,"ADAPT Centre, School of Computing, Dublin",Academia
Datasheets for Healthcare AI: A Framework for Transparency and Bias Mitigation,Harshvardhan J. Pandit,"ADAPT Centre, School of Computing, Dublin",Academia
Artsheets for Art Datasets,Ramya Srinivasan,Fujitsu Research of America,Industry
Artsheets for Art Datasets,Emily Denton,Google Research,Industry
Artsheets for Art Datasets,Jordan Famularo,"University of California, Berkeley",Academia
Artsheets for Art Datasets,Negar Rostamzadeh,Google Research,Industry
Artsheets for Art Datasets,Fernando Diaz,Google Research,Industry
Artsheets for Art Datasets,Beth Coleman,University of Toronto,Academia
MithraLabel: Flexible Dataset Nutritional Labels for Responsible Data Science,Chenkai Sun,University of Michigan,Academia
MithraLabel: Flexible Dataset Nutritional Labels for Responsible Data Science,Abolfazl Asudeh,University of Illinois at Chicago,Academia
MithraLabel: Flexible Dataset Nutritional Labels for Responsible Data Science,H. V. Jagadish,University of Michigan,Academia
MithraLabel: Flexible Dataset Nutritional Labels for Responsible Data Science,Bill Howe,University of Washington,Academia
MithraLabel: Flexible Dataset Nutritional Labels for Responsible Data Science,Julia Stoyanovich,New York University,Academia
Distinguishing Provenance Equivalence of Earth Science Data,C. Tilmes,NASA Goddard Space Flight Center,Government
Distinguishing Provenance Equivalence of Earth Science Data,Ye. Yesha,"University of Maryland, Baltimore County",Academia
Distinguishing Provenance Equivalence of Earth Science Data,M. Halem,"University of Maryland, Baltimore County",Academia
NAVIGATING DATASET DOCUMENTATIONS IN AI: A LARGE-SCALE ANALYSIS OF DATASET CARDS ON HUGGING FACE,Xinyu Yang,Cornell University,Academia
NAVIGATING DATASET DOCUMENTATIONS IN AI: A LARGE-SCALE ANALYSIS OF DATASET CARDS ON HUGGING FACE,Weixin Liang,Stanford University,Academia
NAVIGATING DATASET DOCUMENTATIONS IN AI: A LARGE-SCALE ANALYSIS OF DATASET CARDS ON HUGGING FACE,James Zou,Stanford University,Academia
Network Report: A Structured Description for Network Datasets,Xinyi Zheng,Carnegie Mellon University,Academia
Network Report: A Structured Description for Network Datasets,Ryan A. Rossi,Adobe Research,Industry
Network Report: A Structured Description for Network Datasets,Nesreen Ahmed,Intel Labs,Industry
Network Report: A Structured Description for Network Datasets,Dominik Moritz,Carnegie Mellon University,Academia